repo,stars
https://github.com/7sDream/fontfor,176
https://github.com/64bit/commandOK,44
https://github.com/alexheretic/vimg,28
https://github.com/alxrw/parm,140
https://github.com/ananthakumaran/webify,430
https://github.com/andrewmd5/dawn,471
https://github.com/bahdotsh/giff,276
https://github.com/bahdotsh/mdterm,351
https://github.com/blacknon/lssh,327
https://github.com/brevity1swos/rgx,240
https://github.com/canmanalp/cpr,10
https://github.com/Cateds/opencode-stats,74
https://github.com/craigf-svg/envlens,42
https://github.com/epilande/repos,39
https://github.com/flozz/yoga-image-optimizer,160
https://github.com/FrancescElies/virgo,0
https://github.com/kl/sub-batch,37
https://github.com/lazynop/lazyenv,63
https://github.com/linkwithjoydeep/oken,36
https://github.com/M-Igashi/mp3rgain,114
https://github.com/marcusbuffett/pipe-rename,437
https://github.com/mikeleppane/envx,232
https://github.com/mtkennerly/madamiru,117
https://github.com/muandane/goji,78
https://github.com/nickgerace/gfold,401
https://github.com/nnnkkk7/lazyactions,101
https://github.com/reemus-dev/gitnr,236
https://github.com/rockydd/ascii_moon,92
https://github.com/sophice/ahk-keyboard-locker,45
https://github.com/tareqimbasher/cargo-seek,202
https://github.com/Tentacule/PgsToSrt,115
https://github.com/thekarel/rum,15
https://github.com/toiletbril/dedoc,133
https://github.com/upscayl/upscayl-ncnn,474
https://github.com/Wowu/pro,45
https://github.com/RaphGL/Tuckr,487
https://github.com/vaibhav-mattoo/cxt,52
https://github.com/chojs23/ec,309
https://github.com/boyter/hashit,112
https://github.com/agent-sh/agnix,431
https://github.com/kbrdn1/gwm-cli,147
https://github.com/tinesoft/spectatui,88
https://github.com/DanielCardonaRojas/codemark,125
https://github.com/mrusme/reader,416
https://github.com/rcieri/glab-tui,236
https://github.com/SimonBure/presse,39
https://github.com/liquidaty/zsv,406
